[{"created_at":"Tue Aug 27 13:00:06 +0000 2013","id":372342761099657217,"id_str":"372342761099657217","text":"[FREE] iPhone X Concept Template by @KreativaStudio\n\u2192 http:\/\/t.co\/eCy7fKTNat \u00a4 preview   \n\u2192 http:\/\/t.co\/2bkCagykUB \u00a4 download","source":"\u003ca href=\"http:\/\/itunes.apple.com\/us\/app\/twitter\/id409789998?mt=12\" rel=\"nofollow\"\u003eTwitter for Mac\u003c\/a\u003e","truncated":false,"in_reply_to_status_id":null,"in_reply_to_status_id_str":null,"in_reply_to_user_id":null,"in_reply_to_user_id_str":null,"in_reply_to_screen_name":null,"user":{"id":574118142,"id_str":"574118142","name":"pixelthrone","screen_name":"pixelthrone","location":"Portugal","description":"We use imagination, strategy and action to create digital experiences that excite, inspire, challenge, motivate and engage users","url":"http:\/\/t.co\/whnJnkuzCy","entities":{"url":{"urls":[{"url":"http:\/\/t.co\/whnJnkuzCy","expanded_url":"http:\/\/pixelthrone.com\/","display_url":"pixelthrone.com","indices":[0,22]}]},"description":{"urls":[]}},"protected":false,"followers_count":108,"friends_count":36,"listed_count":1,"created_at":"Mon May 07 23:13:04 +0000 2012","favourites_count":0,"utc_offset":7200,"time_zone":"Amsterdam","geo_enabled":false,"verified":false,"statuses_count":121,"lang":"pt","contributors_enabled":false,"is_translator":false,"profile_background_color":"FFFFFF","profile_background_image_url":"http:\/\/a0.twimg.com\/profile_background_images\/378800000057746785\/2003ceab041cc521bbca7bc4c0324d39.jpeg","profile_background_image_url_https":"https:\/\/si0.twimg.com\/profile_background_images\/378800000057746785\/2003ceab041cc521bbca7bc4c0324d39.jpeg","profile_background_tile":false,"profile_image_url":"http:\/\/a0.twimg.com\/profile_images\/378800000344465626\/2246faf4a16ec576c13ced5db75a6ccf_normal.jpeg","profile_image_url_https":"https:\/\/si0.twimg.com\/profile_images\/378800000344465626\/2246faf4a16ec576c13ced5db75a6ccf_normal.jpeg","profile_banner_url":"https:\/\/pbs.twimg.com\/profile_banners\/574118142\/1377255807","profile_link_color":"F3A900","profile_sidebar_border_color":"FFFFFF","profile_sidebar_fill_color":"DDEEF6","profile_text_color":"333333","profile_use_background_image":true,"default_profile":false,"default_profile_image":false,"following":null,"follow_request_sent":false,"notifications":null},"geo":null,"coordinates":null,"place":null,"contributors":null,"retweet_count":0,"favorite_count":0,"entities":{"hashtags":[],"symbols":[],"urls":[{"url":"http:\/\/t.co\/eCy7fKTNat","expanded_url":"http:\/\/bit.ly\/14YzN4N","display_url":"bit.ly\/14YzN4N","indices":[54,76]},{"url":"http:\/\/t.co\/2bkCagykUB","expanded_url":"http:\/\/bit.ly\/14YzNSl","display_url":"bit.ly\/14YzNSl","indices":[92,114]}],"user_mentions":[{"screen_name":"KreativaStudio","name":"kreativa-studio.hr","id":18342337,"id_str":"18342337","indices":[36,51]}]},"favorited":false,"retweeted":false,"possibly_sensitive":false,"lang":"en"},{"created_at":"Tue Aug 27 10:05:17 +0000 2013","id":372298768257138688,"id_str":"372298768257138688","text":"TOP TEN UNKNOWN WORDPRESS FUNCTIONS \u2192 http:\/\/t.co\/exlrou5MVw","source":"\u003ca href=\"http:\/\/itunes.apple.com\/us\/app\/twitter\/id409789998?mt=12\" rel=\"nofollow\"\u003eTwitter for Mac\u003c\/a\u003e","truncated":false,"in_reply_to_status_id":null,"in_reply_to_status_id_str":null,"in_reply_to_user_id":null,"in_reply_to_user_id_str":null,"in_reply_to_screen_name":null,"user":{"id":574118142,"id_str":"574118142","name":"pixelthrone","screen_name":"pixelthrone","location":"Portugal","description":"We use imagination, strategy and action to create digital experiences that excite, inspire, challenge, motivate and engage users","url":"http:\/\/t.co\/whnJnkuzCy","entities":{"url":{"urls":[{"url":"http:\/\/t.co\/whnJnkuzCy","expanded_url":"http:\/\/pixelthrone.com\/","display_url":"pixelthrone.com","indices":[0,22]}]},"description":{"urls":[]}},"protected":false,"followers_count":108,"friends_count":36,"listed_count":1,"created_at":"Mon May 07 23:13:04 +0000 2012","favourites_count":0,"utc_offset":7200,"time_zone":"Amsterdam","geo_enabled":false,"verified":false,"statuses_count":121,"lang":"pt","contributors_enabled":false,"is_translator":false,"profile_background_color":"FFFFFF","profile_background_image_url":"http:\/\/a0.twimg.com\/profile_background_images\/378800000057746785\/2003ceab041cc521bbca7bc4c0324d39.jpeg","profile_background_image_url_https":"https:\/\/si0.twimg.com\/profile_background_images\/378800000057746785\/2003ceab041cc521bbca7bc4c0324d39.jpeg","profile_background_tile":false,"profile_image_url":"http:\/\/a0.twimg.com\/profile_images\/378800000344465626\/2246faf4a16ec576c13ced5db75a6ccf_normal.jpeg","profile_image_url_https":"https:\/\/si0.twimg.com\/profile_images\/378800000344465626\/2246faf4a16ec576c13ced5db75a6ccf_normal.jpeg","profile_banner_url":"https:\/\/pbs.twimg.com\/profile_banners\/574118142\/1377255807","profile_link_color":"F3A900","profile_sidebar_border_color":"FFFFFF","profile_sidebar_fill_color":"DDEEF6","profile_text_color":"333333","profile_use_background_image":true,"default_profile":false,"default_profile_image":false,"following":null,"follow_request_sent":false,"notifications":null},"geo":null,"coordinates":null,"place":null,"contributors":null,"retweet_count":0,"favorite_count":0,"entities":{"hashtags":[],"symbols":[],"urls":[{"url":"http:\/\/t.co\/exlrou5MVw","expanded_url":"http:\/\/bit.ly\/17Oay7u","display_url":"bit.ly\/17Oay7u","indices":[38,60]}],"user_mentions":[]},"favorited":false,"retweeted":false,"possibly_sensitive":false,"lang":"en"},{"created_at":"Mon Aug 26 22:23:34 +0000 2013","id":372122171583516672,"id_str":"372122171583516672","text":"CollagePlus &gt; An image gallery plugin for jQuery \u2192 http:\/\/t.co\/5FKu6AO6pT","source":"\u003ca href=\"http:\/\/itunes.apple.com\/us\/app\/twitter\/id409789998?mt=12\" rel=\"nofollow\"\u003eTwitter for Mac\u003c\/a\u003e","truncated":false,"in_reply_to_status_id":null,"in_reply_to_status_id_str":null,"in_reply_to_user_id":null,"in_reply_to_user_id_str":null,"in_reply_to_screen_name":null,"user":{"id":574118142,"id_str":"574118142","name":"pixelthrone","screen_name":"pixelthrone","location":"Portugal","description":"We use imagination, strategy and action to create digital experiences that excite, inspire, challenge, motivate and engage users","url":"http:\/\/t.co\/whnJnkuzCy","entities":{"url":{"urls":[{"url":"http:\/\/t.co\/whnJnkuzCy","expanded_url":"http:\/\/pixelthrone.com\/","display_url":"pixelthrone.com","indices":[0,22]}]},"description":{"urls":[]}},"protected":false,"followers_count":108,"friends_count":36,"listed_count":1,"created_at":"Mon May 07 23:13:04 +0000 2012","favourites_count":0,"utc_offset":7200,"time_zone":"Amsterdam","geo_enabled":false,"verified":false,"statuses_count":121,"lang":"pt","contributors_enabled":false,"is_translator":false,"profile_background_color":"FFFFFF","profile_background_image_url":"http:\/\/a0.twimg.com\/profile_background_images\/378800000057746785\/2003ceab041cc521bbca7bc4c0324d39.jpeg","profile_background_image_url_https":"https:\/\/si0.twimg.com\/profile_background_images\/378800000057746785\/2003ceab041cc521bbca7bc4c0324d39.jpeg","profile_background_tile":false,"profile_image_url":"http:\/\/a0.twimg.com\/profile_images\/378800000344465626\/2246faf4a16ec576c13ced5db75a6ccf_normal.jpeg","profile_image_url_https":"https:\/\/si0.twimg.com\/profile_images\/378800000344465626\/2246faf4a16ec576c13ced5db75a6ccf_normal.jpeg","profile_banner_url":"https:\/\/pbs.twimg.com\/profile_banners\/574118142\/1377255807","profile_link_color":"F3A900","profile_sidebar_border_color":"FFFFFF","profile_sidebar_fill_color":"DDEEF6","profile_text_color":"333333","profile_use_background_image":true,"default_profile":false,"default_profile_image":false,"following":null,"follow_request_sent":false,"notifications":null},"geo":null,"coordinates":null,"place":null,"contributors":null,"retweet_count":0,"favorite_count":0,"entities":{"hashtags":[],"symbols":[],"urls":[{"url":"http:\/\/t.co\/5FKu6AO6pT","expanded_url":"http:\/\/bit.ly\/1drTPvd","display_url":"bit.ly\/1drTPvd","indices":[54,76]}],"user_mentions":[]},"favorited":false,"retweeted":false,"possibly_sensitive":false,"lang":"en"}]